{
  "items": [
    {
      "sys": { "id": "1" },
      "fields": {
        "title": "Yamaha Piano",
        "price": 10.99,
        "image": { "fields": { "file": { "url": "./images/product-17.jpeg" } } }
      }
    },
    {
      "sys": { "id": "2" },
      "fields": {
        "title": "Silver Trumpet",
        "price": 12.99,
        "image": { "fields": { "file": { "url": "./images/product-20.jpg" } } }
      }
    },
    {
      "sys": { "id": "3" },
      "fields": {
        "title": "Violin",
        "price": 12.99,
        "image": { "fields": { "file": { "url": "./images/product-16.jpg" } } }
      }
    },
    {
      "sys": { "id": "4" },
      "fields": {
        "title": "Gold Professional Saxophone",
        "price": 22.99,
        "image": { "fields": { "file": { "url": "./images/product-14.jpg" } } }
      }
    },
    {
      "sys": { "id": "5" },
      "fields": {
        "title": "Planet Drums",
        "price": 88.99,
        "image": { "fields": { "file": { "url": "./images/product-9.jpeg" } } }
      }
    },
    {
      "sys": { "id": "6" },
      "fields": {
        "title": "Lead Guitar",
        "price": 32.99,
        "image": { "fields": { "file": { "url": "./images/product-23.jpeg" } } }
      }
    },
    {
      "sys": { "id": "7" },
      "fields": {
        "title": "Piano",
        "price": 45.99,
        "image": { "fields": { "file": { "url": "./images/product-22.jpeg" } } }
      }
    },
    {
      "sys": { "id": "8" },
      "fields": {
        "title": "Table Mixer",
        "price": 33.99,
        "image": { "fields": { "file": { "url": "./images/product-27.jpeg" } } }
      }
    },
    {
      "sys": { "id": "9" },
      "fields": {
        "title": "Set of Saxophone",
        "price": 100.99,
        "image": { "fields": { "file": { "url": "./images/product-19.jpg" } } }
      }
    },
    {
      "sys": { "id": "10" },
      "fields": {
        "title": "Acoustic Guitar",
        "price": 33.99,
        "image": { "fields": { "file": { "url": "./images/product-29.jpg" } } }
      }
    },
    {
      "sys": { "id": "11" },
      "fields": {
        "title": "Effect",
        "price": 23.99,
        "image": { "fields": { "file": { "url": "./images/product-25.jpeg" } } }
      }
    },
    {
      "sys": { "id": "12" },
      "fields": {
        "title": "Piano",
        "price": 49.99,
        "image": { "fields": { "file": { "url": "./images/product-24.jpeg" } } }
      }
    },
    {
      "sys": { "id": "13" },
      "fields": {
        "title": "Gold Trumpet",
        "price": 39.99,
        "image": { "fields": { "file": { "url": "./images/product-30.jpg" } } }
      }
    },
    {
      "sys": { "id": "14" },
      "fields": {
        "title": "Piano",
        "price": 99.99,
        "image": { "fields": { "file": { "url": "./images/product-21.jpeg" } } }
      }
    },
    {
      "sys": { "id": "15" },
      "fields": {
        "title": "Gold Saxophone",
        "price": 40.99,
        "image": { "fields": { "file": { "url": "./images/product-18.jpg" } } }
      }
    },
    {
      "sys": { "id": "16" },
      "fields": {
        "title": "Harmonica",
        "price": 20.99,
        "image": { "fields": { "file": { "url": "./images/product-11.jpg" } } }
      }
    },
    {
      "sys": { "id": "17" },
      "fields": {
        "title": "Piano",
        "price": 59.99,
        "image": { "fields": { "file": { "url": "./images/product-31.jpg" } } }
      }
    },
    {
      "sys": { "id": "18" },
      "fields": {
        "title": "Lead Guitar",
        "price": 33.99,
        "image": { "fields": { "file": { "url": "./images/product-32.jpg" } } }
      }
    },
    {
      "sys": { "id": "19" },
      "fields": {
        "title": "Gold Professional Saxophones",
        "price": 33.99,
        "image": { "fields": { "file": { "url": "./images/product-33.jpg" } } }
      }
    },
    {
      "sys": { "id": "20" },
      "fields": {
        "title": "Silver Trumpet",
        "price": 40.99,
        "image": { "fields": { "file": { "url": "./images/product-15.jpg" } } }
      }
    },
    {
      "sys": { "id": "21" },
      "fields": {
        "title": "Drum-set",
        "price": 33.99,
        "image": { "fields": { "file": { "url": "./images/product-34.jpeg" } } }
      }
    },
    {
      "sys": { "id": "22" },
      "fields": {
        "title": "M-Audio Piano",
        "price": 49.99,
        "image": { "fields": { "file": { "url": "./images/product-12.jpeg" } } }
      }
    },
    {
      "sys": { "id": "23" },
      "fields": {
        "title": "Studio Set",
        "price": 33.99,
        "image": { "fields": { "file": { "url": "./images/product-13.jpeg" } } }
      }
    },
    {
      "sys": { "id": "24" },
      "fields": {
        "title": "Lead Guitar",
        "price": 59.99,
        "image": { "fields": { "file": { "url": "./images/product-28.jpg" } } }
      }
    },
    {
      "sys": { "id": "25" },
      "fields": {
        "title": "Pearl Drum",
        "price": 89.99,
        "image": { "fields": { "file": { "url": "./images/product-35.png" } } }
      }
    },
    {
      "sys": { "id": "26" },
      "fields": {
        "title": "Violin",
        "price": 89.99,
        "image": { "fields": { "file": { "url": "./images/product-36.jpg" } } }
      }
    },
    {
      "sys": { "id": "27" },
      "fields": {
        "title": "Piano",
        "price": 69.99,
        "image": { "fields": { "file": { "url": "./images/product-37.jpeg" } } }
      }
    },
    {
      "sys": { "id": "28" },
      "fields": {
        "title": "Acoustic Guitar",
        "price": 29.99,
        "image": { "fields": { "file": { "url": "./images/product-38.jpg" } } }
      }
    },
    {
      "sys": { "id": "29" },
      "fields": {
        "title": "Drum-Set",
        "price": 59.99,
        "image": { "fields": { "file": { "url": "./images/product-39.jpeg" } } }
      }
    },
    {
      "sys": { "id": "30" },
      "fields": {
        "title": "Gold Trumpet",
        "price": 79.99,
        "image": { "fields": { "file": { "url": "./images/product-40.jpg" } } }
      }
    },
    {
      "sys": { "id": "31" },
      "fields": {
        "title": "Black Coated Trumpet",
        "price": 89.99,
        "image": { "fields": { "file": { "url": "./images/product-41.jpg" } } }
      }
    },
    {
      "sys": { "id": "32" },
      "fields": {
        "title": "Blue Coated Trumpet",
        "price": 89.99,
        "image": { "fields": { "file": { "url": "./images/product-42.jpg" } } }
      }
    },
    {
      "sys": { "id": "33" },
      "fields": {
        "title": "Gold Trumpet",
        "price": 69.99,
        "image": { "fields": { "file": { "url": "./images/product-43.jpg" } } }
      }
    },
    {
      "sys": { "id": "34" },
      "fields": {
        "title": "Silver Trumpet",
        "price": 89.99,
        "image": { "fields": { "file": { "url": "./images/product-44.jpg" } } }
      }
    },
    {
      "sys": { "id": "35" },
      "fields": {
        "title": "Saxophone/Trumpet (Exclusive Offer)",
        "price": 129.99,
        "image": { "fields": { "file": { "url": "./images/product-45.jpg" } } }
      }
    },
    {
      "sys": { "id": "36" },
      "fields": {
        "title": "Gold Professional Saxophone",
        "price": 129.99,
        "image": { "fields": { "file": { "url": "./images/product-46.jpeg" } } }
      }
    },
    {
      "sys": { "id": "37" },
      "fields": {
        "title": "Piano",
        "price": 79.99,
        "image": { "fields": { "file": { "url": "./images/product-47.jpeg" } } }
      }
    },
    {
      "sys": { "id": "38" },
      "fields": {
        "title": "Effect",
        "price": 99.99,
        "image": { "fields": { "file": { "url": "./images/product-48.jpeg" } } }
      }
    },
    {
      "sys": { "id": "39" },
      "fields": {
        "title": "M-Audio Piano",
        "price": 149.99,
        "image": { "fields": { "file": { "url": "./images/product-49.jpeg" } } }
      }
    },
    {
      "sys": { "id": "40" },
      "fields": {
        "title": "Drum-Set",
        "price": 169.99,
        "image": { "fields": { "file": { "url": "./images/product-50.jpeg" } } }
      }
    },
    {
      "sys": { "id": "41" },
      "fields": {
        "title": "piano",
        "price": 89.99,
        "image": { "fields": { "file": { "url": "./images/product-51.jpeg" } } }
      }
    },
    {
      "sys": { "id": "42" },
      "fields": {
        "title": "Grand-Piano",
        "price": 199.99,
        "image": { "fields": { "file": { "url": "./images/product-52.jpeg" } } }
      }
    },
    {
      "sys": { "id": "43" },
      "fields": {
        "title": "Acoustic Guitar",
        "price": 59.99,
        "image": { "fields": { "file": { "url": "./images/product-53.jpeg" } } }
      }
    },
    {
      "sys": { "id": "44" },
      "fields": {
        "title": "Gold Saxophone",
        "price": 59.99,
        "image": { "fields": { "file": { "url": "./images/product-54.jpg" } } }
      }
    },
    {
      "sys": { "id": "45" },
      "fields": {
        "title": "Drum-Set",
        "price": 129.99,
        "image": { "fields": { "file": { "url": "./images/product-55.jpeg" } } }
      }
    },
    {
      "sys": { "id": "46" },
      "fields": {
        "title": "Yamaha Piano",
        "price": 179.99,
        "image": { "fields": { "file": { "url": "./images/product-56.jpeg" } } }
      }
    },
    {
      "sys": { "id": "47" },
      "fields": {
        "title": "Lead Guitar",
        "price": 139.99,
        "image": { "fields": { "file": { "url": "./images/product-57.jpeg" } } }
      }
    },
    {
      "sys": { "id": "48" },
      "fields": {
        "title": "Full Studio Gadget",
        "price": 399.99,
        "image": { "fields": { "file": { "url": "./images/product-58.jpeg" } } }
      }
    }
  ]
}
